"state_census_code","state","sector","observations","employment","members","covered","p_members","p_covered","state_abbreviation","year"
21,"New York","Private",8387,5376480.04666665,1290868.8025,1436252.2675,0.240095525979996,0.26713615655899,"NY",1983
21,"New York","Private",8525,5420914.43083335,1281659.9175,1430791.0975,0.236428737640381,0.263939052820206,"NY",1984
21,"New York","Private",9660,5600561.76750001,1195264.11916667,1315987.71916667,0.213418617844582,0.234974235296249,"NY",1985
21,"New York","Private",9885,5693432.56749999,1198243.07833333,1279100.54583334,0.21046057343483,0.224662452936172,"NY",1986
21,"New York","Private",9854,5831456.99833329,1191503.90833333,1283069.49333333,0.204323530197144,0.220025539398193,"NY",1987
21,"New York","Private",7249,5886412.42166665,1122900.7675,1206646.565,0.190761476755142,0.204988449811935,"NY",1988
21,"New York","Private",7735,5916730.95166662,1113135.66583333,1195520.36833333,0.18813356757164,0.202057585120201,"NY",1989
21,"New York","Private",10422,6083927.05083337,1101857.13166667,1226769.59416667,0.181109517812729,0.201641082763672,"NY",1990
21,"New York","Private",9753,5742374.99250001,1090355.51083333,1199235.63333334,0.189878836274147,0.208839654922485,"NY",1991
21,"New York","Private",9226,5541392.41000001,952518.840000001,1033419.275,0.17189159989357,0.186490908265114,"NY",1992
21,"New York","Private",9210,5624157.81583334,995895.898333335,1085457.38333333,0.177074670791626,0.192999094724655,"NY",1993
21,"New York","Private",9029,5676812.24108334,1014864.52438333,1090309.1334,0.178773671388626,0.192063629627228,"NY",1994
21,"New York","Private",8820,5750562.77115006,1009777.47404167,1071060.41574167,0.175596281886101,0.186253145337105,"NY",1995
21,"New York","Private",7523,5861865.23507502,936201.117116666,998532.852916665,0.159710451960564,0.17034387588501,"NY",1996
21,"New York","Private",7618,5986613.08931669,957217.840391667,1025253.35436667,0.159893050789833,0.1712576597929,"NY",1997
21,"New York","Private",7759,6079125.80229997,933551.882933333,998782.258233333,0.153566792607307,0.164297014474869,"NY",1998
21,"New York","Private",7605,6102085.90084164,922507.958575,981912.575366667,0.151179119944572,0.16091425716877,"NY",1999
21,"New York","Private",7891,6273150.50834165,962578.650200002,1016357.011625,0.153444215655327,0.162017002701759,"NY",2000
21,"New York","Private",7635,6208118.60288331,1035674.59173333,1087550.69945,0.166825845837593,0.175182014703751,"NY",2001
21,"New York","Private",7357,6147255.74047499,968796.536383333,1022936.49541667,0.157598212361336,0.166405394673347,"NY",2002
21,"New York","Private",6949,6421110.31315,947670.894466667,990802.1289,0.147586762905121,0.1543038636446,"NY",2003
21,"New York","Private",6514,6443990.86115005,973555.625141666,1028047.67370833,0.15107960999012,0.159535869956017,"NY",2004
21,"New York","Private",6180,6495959.44255832,1047617.074875,1111913.08256667,0.16127210855484,0.171169951558113,"NY",2005
21,"New York","Private",6119,6657150.20827502,977510.314725001,1027209.62316667,0.146836146712303,0.154301702976227,"NY",2006
21,"New York","Private",5945,6729572.55098333,1060793.547875,1129522.16570833,0.157631635665894,0.16784456372261,"NY",2007
21,"New York","Private",5862,6639759.18081669,954509.1409,1059006.46181667,0.143756583333015,0.159494712948799,"NY",2008
21,"New York","Private",5786,6487214.30424163,908051.166750002,1033791.76855833,0.139975517988205,0.159358352422714,"NY",2009
21,"New York","Private",5848,6574577.59161668,899081.936000001,1002391.07231667,0.136751279234886,0.152464717626572,"NY",2010
21,"New York","Private",5761,6494099.60104998,877308.344941667,996999.944325,0.135093152523041,0.153523966670036,"NY",2011
21,"New York","Private",5745,6577742.4159917,873465.141591667,973602.076808334,0.13279102742672,0.14801461994648,"NY",2012
21,"New York","Private",5703,6763707.94267502,1018204.2044,1097924.624125,0.150539353489876,0.162325844168663,"NY",2013
21,"New York","Private",5707,6708056.40399164,1001860.78223333,1079328.52381667,0.149351865053177,0.160900339484215,"NY",2014
21,"New York","Private",5572,6878284.28519998,1096074.82774167,1168599.2905,0.159352943301201,0.169896915555,"NY",2015
21,"New York","Private",5528,6851669.53048333,1013826.40435833,1106915.66463333,0.147967785596848,0.161554157733917,"NY",2016
21,"New York","Private",5579,7054619.59333332,1056613.22531667,1142101.66335833,0.149776071310043,0.161894157528877,"NY",2017
21,"New York","Private",5309,6978148.80017498,922106.399241666,1032049.91001667,0.132141977548599,0.147897377610207,"NY",2018
21,"New York","Private",5273,6962004.83084164,883502.014975,988908.461241666,0.126903384923935,0.142043635249138,"NY",2019
21,"New York","Private",4285,6274731.50090001,788707.765633333,878266.243466666,0.12569585442543,0.139968737959862,"NY",2020
21,"New York","Private",3997,6442129.12797499,843106.876158334,930109.292291667,0.130873948335648,0.144379168748856,"NY",2021
21,"New York","Private",4047,6843859.19636666,832240.390875001,912131.811033334,0.121603958308697,0.133277401328087,"NY",2022
23,"Pennsylvania","Private",5696,3683183.99000001,854975.290833334,943728.441666667,0.232129395008087,0.256226241588593,"PA",1983
23,"Pennsylvania","Private",6021,3923246.75000002,829488.368333334,887063.830833335,0.211429059505463,0.226104527711868,"PA",1984
23,"Pennsylvania","Private",6441,4000760.15916666,765635.340000001,820998.350833334,0.191372469067574,0.205210596323013,"PA",1985
23,"Pennsylvania","Private",6579,4052799.72583333,714139.92,771988.421666667,0.176209032535553,0.190482750535011,"PA",1986
23,"Pennsylvania","Private",6498,4143780.17333333,735916.415,792772.5525,0.177595421671867,0.19131626188755,"PA",1987
23,"Pennsylvania","Private",6633,4237885.31666665,711755.381666667,771522.695833333,0.167950600385666,0.182053700089455,"PA",1988
23,"Pennsylvania","Private",6907,4408080.28583333,721521.570833333,793850.034166666,0.163681581616402,0.180089741945267,"PA",1989
23,"Pennsylvania","Private",6887,4260008.56333331,663546.225,731170.780833333,0.15576171875,0.171635985374451,"PA",1990
23,"Pennsylvania","Private",6744,4181241.76666666,645069.295833333,692627.860833333,0.154276967048645,0.165651232004166,"PA",1991
23,"Pennsylvania","Private",6965,4241076.76500002,609788.879166667,655350.299166666,0.143781617283821,0.154524505138397,"PA",1992
23,"Pennsylvania","Private",6810,4292197.61500001,590265.8275,640947.2175,0.137520655989647,0.149328455328941,"PA",1993
23,"Pennsylvania","Private",6535,4257010.87649168,606758.877691666,650636.769891666,0.142531678080559,0.152838885784149,"PA",1994
23,"Pennsylvania","Private",6605,4309797.1613,606365.504783334,660727.907541667,0.140694677829742,0.153308346867561,"PA",1995
23,"Pennsylvania","Private",5745,4363730.37358334,559272.201141666,607535.398266666,0.128163784742355,0.139223858714104,"PA",1996
23,"Pennsylvania","Private",5667,4385756.07015833,517165.702283333,545893.529133333,0.117919392883778,0.12446965277195,"PA",1997
23,"Pennsylvania","Private",5760,4433621.96939999,508862.435375,547899.768516666,0.114773526787758,0.123578369617462,"PA",1998
23,"Pennsylvania","Private",5864,4493181.477125,534044.556016667,569588.2803,0.118856661021709,0.126767247915268,"PA",1999
23,"Pennsylvania","Private",5809,4474881.06346668,500781.946525001,527890.105666667,0.111909553408623,0.117967404425144,"PA",2000
23,"Pennsylvania","Private",5862,4542201.23267499,503300.432025,532391.400225,0.1108053997159,0.117210000753403,"PA",2001
23,"Pennsylvania","Private",5979,4607283.11242501,462583.977616666,490341.369633333,0.100402764976025,0.106427446007729,"PA",2002
23,"Pennsylvania","Private",5811,4576668.72800832,429750.120975,453664.690675,0.093900203704834,0.0991255268454552,"PA",2003
23,"Pennsylvania","Private",5551,4585918.26792499,443528.488975,463660.1855,0.0967153087258339,0.101105198264122,"PA",2004
23,"Pennsylvania","Private",5166,4734237.08109999,402399.774883334,429993.30855,0.0849978104233742,0.0908263176679611,"PA",2005
23,"Pennsylvania","Private",4771,4743525.70259168,380567.458141666,412312.858408333,0.0802288204431534,0.0869211778044701,"PA",2006
23,"Pennsylvania","Private",4732,4789811.70441667,463572.971308333,508586.148591667,0.0967831313610077,0.10618082433939,"PA",2007
23,"Pennsylvania","Private",4902,4842397.93354166,497150.516158334,524405.428216667,0.102666184306145,0.108294576406479,"PA",2008
23,"Pennsylvania","Private",4566,4562100.91410002,429892.008191666,461033.220575,0.0942311510443687,0.101057216525078,"PA",2009
23,"Pennsylvania","Private",4413,4526696.20134167,422696.2612,459409.191625,0.0933785364031792,0.101488851010799,"PA",2010
23,"Pennsylvania","Private",4435,4686481.17580831,434100.732,468187.52215,0.0926282852888107,0.0999017208814621,"PA",2011
23,"Pennsylvania","Private",4531,4796103.67789166,375415.633458333,408402.036358333,0.078275129199028,0.085152879357338,"PA",2012
23,"Pennsylvania","Private",4573,4857045.84265,376744.956525,404428.774075,0.0775666907429695,0.083266407251358,"PA",2013
23,"Pennsylvania","Private",4513,4912438.75419167,378982.278575001,410317.848916667,0.0771474838256836,0.0835263058543205,"PA",2014
23,"Pennsylvania","Private",4256,4958290.37909168,425350.074816667,452050.128283333,0.0857856348156929,0.0911705642938614,"PA",2015
23,"Pennsylvania","Private",4379,5064075.38854167,374549.83915,397335.7077,0.0739621371030807,0.0784616470336914,"PA",2016
23,"Pennsylvania","Private",4107,4941819.68530834,367288.4454,392017.965816667,0.0743225067853928,0.0793266445398331,"PA",2017
23,"Pennsylvania","Private",3975,5022580.51665001,403529.041666667,421495.342791667,0.0803429707884789,0.0839200764894485,"PA",2018
23,"Pennsylvania","Private",3726,5035433.74509166,357315.087875,395837.957133333,0.0709601417183876,0.0786105021834373,"PA",2019
23,"Pennsylvania","Private",3170,4693729.97937499,384186.202783333,419498.52115,0.0818509384989738,0.0893742367625237,"PA",2020
23,"Pennsylvania","Private",3228,4731909.95695834,343891.169991667,366604.639041667,0.0726749151945114,0.077474981546402,"PA",2021
23,"Pennsylvania","Private",3231,4932347.24277501,362744.026125,386459.073391667,0.0735438913106918,0.0783519595861435,"PA",2022
31,"Ohio","Private",5674,3415923.98583333,768805.813333333,829811.425833334,0.225065261125565,0.242924436926842,"OH",1983
31,"Ohio","Private",6051,3586050.97,753450.870833335,804474.358333335,0.210106015205383,0.224334329366684,"OH",1984
31,"Ohio","Private",6274,3606255.67666668,746985.769166666,793436.179166667,0.207136109471321,0.220016613602638,"OH",1985
31,"Ohio","Private",6616,3693569.54833333,709847.37,757319.099166667,0.192184656858444,0.205037176609039,"OH",1986
31,"Ohio","Private",6701,3757959.19833332,731748.525000001,775654.383333334,0.194719657301903,0.206403091549873,"OH",1987
31,"Ohio","Private",6735,3806133.39833331,708852.528333334,750894.478333334,0.186239540576935,0.197285383939743,"OH",1988
31,"Ohio","Private",7048,3953006.38833332,690099.055,723084.634166667,0.174575746059418,0.182920172810555,"OH",1989
31,"Ohio","Private",7097,3925625.7425,687902.690000001,734064.136666667,0.175233900547028,0.186992898583412,"OH",1990
31,"Ohio","Private",6991,3894172.2,635944.365000001,674253.364166667,0.163306683301926,0.173144206404686,"OH",1991
31,"Ohio","Private",6992,3890050.50333334,613309.460000001,653925.665833334,0.15766105055809,0.168102100491524,"OH",1992
31,"Ohio","Private",6943,3938678.24500001,621341.668333333,664452.486666667,0.157753854990005,0.168699353933334,"OH",1993
31,"Ohio","Private",6703,4020781.19843334,596050.206966667,640459.071249999,0.148242384195328,0.159287229180336,"OH",1994
31,"Ohio","Private",6673,4119809.080575,599450.814849999,648032.709483332,0.145504519343376,0.157296776771545,"OH",1995
31,"Ohio","Private",5068,4118310.6328,623920.696566667,658442.542383334,0.151499181985855,0.159881711006165,"OH",1996
31,"Ohio","Private",5242,4276679.96439168,616801.593966667,653357.377283333,0.144224405288696,0.152772098779678,"OH",1997
31,"Ohio","Private",5242,4236666.71999168,615836.588241666,650039.95445,0.145358756184578,0.153431937098503,"OH",1998
31,"Ohio","Private",5420,4347211.02064999,581291.524908333,608886.126108333,0.133715972304344,0.140063628554344,"OH",1999
31,"Ohio","Private",5442,4380737.85869168,540336.610775,579375.834575,0.123343743383884,0.132255300879478,"OH",2000
31,"Ohio","Private",5319,4357283.54571666,538188.656075,574147.30655,0.123514719307423,0.131767258048058,"OH",2001
31,"Ohio","Private",5213,4298981.34825834,497819.603316667,529710.457,0.115799434483051,0.123217664659023,"OH",2002
31,"Ohio","Private",5022,4379512.93479167,492346.583933333,526036.228825,0.11242039501667,0.120112955570221,"OH",2003
31,"Ohio","Private",4727,4335473.89780002,455800.937583333,485666.487158333,0.105132900178432,0.112021543085575,"OH",2004
31,"Ohio","Private",4581,4304367.81454998,466477.975458333,497119.712733333,0.108373165130615,0.115491919219494,"OH",2005
31,"Ohio","Private",4454,4427765.838525,410902.478225,440321.194808333,0.0928013101220131,0.0994454547762871,"OH",2006
31,"Ohio","Private",4285,4384816.02845834,393631.1085,422558.565933333,0.0897714048624039,0.096368595957756,"OH",2007
31,"Ohio","Private",4155,4261304.12793336,397144.089541666,425581.529191667,0.0931977778673172,0.0998711958527565,"OH",2008
31,"Ohio","Private",4083,4095531.57950834,363162.511608334,390935.402675,0.088672861456871,0.0954541265964508,"OH",2009
31,"Ohio","Private",3946,4061810.00472499,342366.473033333,366808.81205,0.0842891409993172,0.0903067365288734,"OH",2010
31,"Ohio","Private",3912,4131514.795,356092.257633333,395192.366841667,0.0861892700195312,0.0956531390547752,"OH",2011
31,"Ohio","Private",3852,4160549.52428331,350966.749325,383280.332358333,0.0843558609485626,0.0921225249767303,"OH",2012
31,"Ohio","Private",3894,4150009.69760834,317031.987916667,357914.072025,0.0763930752873421,0.0862441509962082,"OH",2013
31,"Ohio","Private",4011,4348836.20281668,322971.979841667,369341.62885,0.0742662996053696,0.0849288403987885,"OH",2014
31,"Ohio","Private",3809,4266609.43135834,355305.769533333,394218.14095,0.0832759067416191,0.09239611774683,"OH",2015
31,"Ohio","Private",3819,4308998.57033333,329588.318991667,384680.5365,0.0764883831143379,0.0892737656831741,"OH",2016
31,"Ohio","Private",3776,4393604.13767499,345099.770141667,382642.993375,0.078545942902565,0.0870909094810486,"OH",2017
31,"Ohio","Private",3509,4339540.85158334,319239.493658333,365282.989541667,0.0735652670264244,0.0841754898428917,"OH",2018
31,"Ohio","Private",3290,4406357.81423334,305339.786441667,342298.28115,0.0692952796816826,0.0776828154921532,"OH",2019
31,"Ohio","Private",2816,4050009.39690834,287710.9829,316772.241275,0.0710395872592926,0.0782151892781258,"OH",2020
31,"Ohio","Private",2867,4270722.63318334,278807.567208333,304803.637991667,0.0652834624052048,0.071370504796505,"OH",2021
31,"Ohio","Private",2592,4282456.682825,322963.240108333,351047.142108333,0.0754154101014137,0.0819733068346977,"OH",2022
33,"Illinois","Private",5511,3695193.03249999,795769.864166666,866299.991666666,0.215352714061737,0.234439715743065,"IL",1983
33,"Illinois","Private",5686,3830267.80749999,761856.12,816832.48,0.198904141783714,0.213257282972336,"IL",1984
33,"Illinois","Private",6307,3962306.35749999,762602.375,802549.981666667,0.192464262247086,0.202546164393425,"IL",1985
33,"Illinois","Private",6361,4029948.95916667,761461.207499999,807528.1625,0.188950583338737,0.200381740927696,"IL",1986
33,"Illinois","Private",6345,4046459.63833332,751295.35,803242.665833333,0.18566732108593,0.198505043983459,"IL",1987
33,"Illinois","Private",6426,4129035.86916666,722391.975833334,771853.8325,0.174954161047935,0.186933189630508,"IL",1988
33,"Illinois","Private",6687,4262299.03583332,711526.361666667,765003.783333333,0.166934877634048,0.179481491446495,"IL",1989
33,"Illinois","Private",6702,4237860.06333332,700199.890833333,752339.285,0.165224879980087,0.177528113126755,"IL",1990
33,"Illinois","Private",6645,4209564.61833334,684017.353333333,729443.880833334,0.162491232156754,0.173282504081726,"IL",1991
33,"Illinois","Private",6522,4282557.59916666,692239.793333334,730678.892500001,0.161641672253609,0.170617416501045,"IL",1992
33,"Illinois","Private",6253,4245933.41833334,708218.866666666,750072.067499999,0.166799336671829,0.176656574010849,"IL",1993
33,"Illinois","Private",6267,4352652.05361665,671930.214741666,721868.522483332,0.154372602701187,0.165845677256584,"IL",1994
33,"Illinois","Private",6394,4437762.37830834,684493.711058334,718068.125241667,0.154242977499962,0.161808595061302,"IL",1995
33,"Illinois","Private",5834,4526159.91428334,695417.530975002,744003.359508335,0.153644055128098,0.164378494024277,"IL",1996
33,"Illinois","Private",5827,4501705.57049166,656552.247091667,699531.736225,0.145845219492912,0.155392602086067,"IL",1997
33,"Illinois","Private",5929,4621139.13121666,671244.859,705476.249825001,0.145255282521248,0.152662843465805,"IL",1998
33,"Illinois","Private",6091,4774372.31031667,664140.528841668,704365.450516668,0.139105305075645,0.147530481219292,"IL",1999
33,"Illinois","Private",6218,4875891.7225,688022.742333333,724496.110241666,0.141107052564621,0.14858740568161,"IL",2000
33,"Illinois","Private",6041,4744047.81435,650109.938725,689515.644025001,0.137036964297295,0.145343318581581,"IL",2001
33,"Illinois","Private",5740,4589656.84706669,694741.594825,721739.429908333,0.151371136307716,0.157253459095955,"IL",2002
33,"Illinois","Private",5531,4670934.31209168,604544.015425,624455.106916667,0.129426792263985,0.133689552545547,"IL",2003
33,"Illinois","Private",5452,4708436.84429168,567839.443666667,610116.361016667,0.120600417256355,0.12957938015461,"IL",2004
33,"Illinois","Private",4967,4709005.50064999,556341.452241667,574526.117908333,0.118144147098064,0.122005827724934,"IL",2005
33,"Illinois","Private",4749,4905326.48506665,545930.328925,570735.490366667,0.111293375492096,0.116350151598454,"IL",2006
33,"Illinois","Private",4773,4991212.13043333,483812.455316666,509412.775724999,0.0969328582286835,0.102061934769154,"IL",2007
33,"Illinois","Private",4652,4855954.66045,533347.887441666,567568.481608333,0.109833784401417,0.116880923509598,"IL",2008
33,"Illinois","Private",4475,4602012.47878334,503865.480241667,538582.209783333,0.109488070011139,0.117031887173653,"IL",2009
33,"Illinois","Private",4506,4631487.539125,441048.61915,469196.7582,0.0952282845973969,0.101305842399597,"IL",2010
33,"Illinois","Private",4378,4680549.78061665,496535.95275,534253.918616667,0.10608496516943,0.114143408834934,"IL",2011
33,"Illinois","Private",4581,4776039.66623334,444027.6384,469130.716466667,0.0929698422551155,0.0982258841395378,"IL",2012
33,"Illinois","Private",4445,4668569.00890834,466130.624108333,486070.882191667,0.0998444333672523,0.104115605354309,"IL",2013
33,"Illinois","Private",4562,4774946.24110001,434908.498666667,461478.333,0.0910813361406326,0.0966457650065422,"IL",2014
33,"Illinois","Private",4377,4845920.88335835,463733.800383333,489198.299608333,0.0956957042217255,0.10095053166151,"IL",2015
33,"Illinois","Private",4421,4918290.26359167,479232.60005,503292.859983333,0.0974388644099236,0.102330856025219,"IL",2016
33,"Illinois","Private",4175,4818494.59098334,469997.260083333,502279.065366667,0.0975402668118477,0.104239828884602,"IL",2017
33,"Illinois","Private",3993,4917600.79448333,425888.401908333,455602.464816666,0.0866049155592918,0.0926473066210747,"IL",2018
33,"Illinois","Private",3745,4932806.58996667,437785.6877,484545.172366667,0.0887498185038567,0.0982291027903557,"IL",2019
33,"Illinois","Private",3275,4539271.90169166,385802.983016667,414739.450233333,0.0849922597408295,0.0913669541478157,"IL",2020
33,"Illinois","Private",3254,4677362.78856668,401667.393258333,441494.117933333,0.0858747586607933,0.0943895354866982,"IL",2021
33,"Illinois","Private",3138,4874738.52570834,371442.67635,407753.89275,0.0761974528431892,0.0836463123559952,"IL",2022
34,"Michigan","Private",4692,2773152.37416666,702208.396666667,758260.979166667,0.253216654062271,0.273429244756699,"MI",1983
34,"Michigan","Private",5115,2939755.51333333,738109.369999999,795309.732499999,0.251078486442566,0.270536005496979,"MI",1984
34,"Michigan","Private",5862,3008267.42416666,706621.726666667,758934.775,0.234893247485161,0.252283006906509,"MI",1985
34,"Michigan","Private",6122,3041042.59666665,718560.945833333,767220.480833333,0.236287698149681,0.252288639545441,"MI",1986
34,"Michigan","Private",6434,3206450.86166666,690744.744999999,739295.521666666,0.215423464775085,0.230565056204796,"MI",1987
34,"Michigan","Private",6378,3225535.44166665,697901.288333333,742740.747499999,0.216367572546005,0.230268970131874,"MI",1988
34,"Michigan","Private",6415,3301743.11416668,667577.409166667,707436.232500001,0.202189385890961,0.214261442422867,"MI",1989
34,"Michigan","Private",6577,3259590.56750001,654394.329999999,693892.765833332,0.200759664177895,0.21287727355957,"MI",1990
34,"Michigan","Private",6417,3178727.5725,604083.206666667,632003.621666668,0.190039306879044,0.198822826147079,"MI",1991
34,"Michigan","Private",6463,3233590.23416665,629622.660000001,663723.347500001,0.194713190197945,0.205258950591087,"MI",1992
34,"Michigan","Private",6410,3323117.17583334,610508.095833334,638761.588333334,0.183715492486954,0.192217588424683,"MI",1993
34,"Michigan","Private",6453,3448018.946675,631502.328083334,676548.340033333,0.183149322867393,0.196213632822037,"MI",1994
34,"Michigan","Private",6589,3437985.42992501,633309.106775001,673224.995983335,0.184209361672401,0.195819616317749,"MI",1995
34,"Michigan","Private",4818,3564220.84186667,650501.611391666,697202.426608333,0.182508781552315,0.195611461997032,"MI",1996
34,"Michigan","Private",4922,3663969.22441666,663462.838158332,701386.917924999,0.181077629327774,0.191428169608116,"MI",1997
34,"Michigan","Private",5096,3846671.42524167,643438.968425,673420.366883333,0.167271628975868,0.175065740942955,"MI",1998
34,"Michigan","Private",5149,3923238.94251666,666451.34315,699248.643891666,0.169872745871544,0.178232491016388,"MI",1999
34,"Michigan","Private",5078,3916243.91379999,616784.484249999,646862.330758333,0.157493889331818,0.165174171328545,"MI",2000
34,"Michigan","Private",4721,3832344.77936666,622818.729175,646186.720475,0.162516355514526,0.16861392557621,"MI",2001
34,"Michigan","Private",4346,3645897.16425,571734.012766667,593990.064533334,0.156815722584724,0.162920132279396,"MI",2002
34,"Michigan","Private",4354,3603215.41033334,597121.047983334,632018.522325001,0.16571894288063,0.175404042005539,"MI",2003
34,"Michigan","Private",4214,3695974.32249164,589072.513525,612860.751516666,0.159382194280624,0.165818452835083,"MI",2004
34,"Michigan","Private",4008,3688117.167925,532256.869283333,556740.982725,0.14431668817997,0.150955334305763,"MI",2005
34,"Michigan","Private",3663,3702774.22487501,509093.235891667,532329.345525,0.137489676475525,0.14376500248909,"MI",2006
34,"Michigan","Private",3475,3614967.29548331,503032.238016667,530341.643183334,0.139152646064758,0.14670717716217,"MI",2007
34,"Michigan","Private",3400,3558576.45555,466852.067983334,488617.897366667,0.131190687417984,0.137307122349739,"MI",2008
34,"Michigan","Private",3193,3234905.32709165,395496.190675,419926.11865,0.122258968651295,0.129810944199562,"MI",2009
34,"Michigan","Private",3179,3264304.658675,362588.448033333,378472.67125,0.111076779663563,0.115942813456059,"MI",2010
34,"Michigan","Private",3160,3313228.50573334,394814.347733334,410768.660041667,0.119163028895855,0.123978368937969,"MI",2011
34,"Michigan","Private",3238,3317701.03071667,375162.892666666,389063.145308333,0.11307917535305,0.117268897593021,"MI",2012
34,"Michigan","Private",3255,3423941.22199167,375706.606791667,389294.871375,0.109729282557964,0.11369788646698,"MI",2013
34,"Michigan","Private",3308,3568369.34273332,353746.103525,385765.013275,0.0991338267922401,0.108106806874275,"MI",2014
34,"Michigan","Private",3150,3630989.94213333,401881.881625,434756.521575,0.11068107932806,0.119734980165958,"MI",2015
34,"Michigan","Private",3245,3689593.13785,372251.735483333,399633.703291667,0.100892350077629,0.108313761651516,"MI",2016
34,"Michigan","Private",3240,3716432.97676666,419602.750875,444725.92195,0.112904697656631,0.119664721190929,"MI",2017
34,"Michigan","Private",3264,3828300.46390833,419295.353233334,446024.869883334,0.109525196254253,0.116507276892662,"MI",2018
34,"Michigan","Private",3149,3855525.48168332,379431.111958334,422683.8,0.0984122976660728,0.109630659222603,"MI",2019
34,"Michigan","Private",2680,3485411.89093333,387095.289008333,424308.959683333,0.111061565577984,0.121738538146019,"MI",2020
34,"Michigan","Private",2617,3577493.20539167,325890.057791667,371564.396566667,0.0910945311188698,0.103861667215824,"MI",2021
34,"Michigan","Private",2589,3798508.280325,401329.743283334,439677.254991667,0.105654567480087,0.115749977529049,"MI",2022
56,"North Carolina","Private",2790,1912981.55166667,102359.241666667,123497.835,0.0535077005624771,0.0645577758550644,"NC",1983
56,"North Carolina","Private",3244,2104729.65666667,100371.916666667,118223.548333333,0.0476887449622154,0.0561704188585281,"NC",1984
56,"North Carolina","Private",5534,2235233.45750001,106095.295,126622.230833333,0.0474649742245674,0.0566483251750469,"NC",1985
56,"North Carolina","Private",6458,2297687.9625,101433.411666667,117234.038333333,0.0441458597779274,0.0510226115584373,"NC",1986
56,"North Carolina","Private",6731,2401830.42166668,99100.3791666666,117697.484166667,0.0412603579461575,0.0490032434463501,"NC",1987
56,"North Carolina","Private",6834,2442186.90499999,105417.145833333,126603.496666667,0.043165061622858,0.051840215921402,"NC",1988
56,"North Carolina","Private",6983,2508073.25416666,94862.0566666667,112827.501666667,0.0378226824104786,0.0449857264757156,"NC",1989
56,"North Carolina","Private",6887,2502895.34333333,94696.1416666667,112454.4325,0.0378346405923367,0.0449297390878201,"NC",1990
56,"North Carolina","Private",6599,2490483.02583333,88191.8475,106570.991666667,0.0354115441441536,0.0427912957966328,"NC",1991
56,"North Carolina","Private",6495,2495333.24083334,75306.1250000001,91260.2908333333,0.0301787853240967,0.0365723855793476,"NC",1992
56,"North Carolina","Private",6462,2529241.70666667,88900.9750000001,106139.659166667,0.0351492613554001,0.0419650115072727,"NC",1993
56,"North Carolina","Private",6140,2568450.058375,90520.43375,106761.835583333,0.0352432131767273,0.0415666401386261,"NC",1994
56,"North Carolina","Private",6027,2644992.85368332,64890.455575,83581.522875,0.0245333202183247,0.0315999053418636,"NC",1995
56,"North Carolina","Private",3565,2753905.28829165,72790.803,81914.0089166667,0.0264318473637104,0.0297446716576815,"NC",1996
56,"North Carolina","Private",3620,2822864.15413334,78131.8280166667,89397.1692166667,0.0276782102882862,0.0316689573228359,"NC",1997
56,"North Carolina","Private",3591,2820035.44746666,78948.0738916667,93417.3490333333,0.0279954187572002,0.0331263020634651,"NC",1998
56,"North Carolina","Private",3546,2836892.3511,54989.6031,65766.12835,0.0193837471306324,0.0231824554502964,"NC",1999
56,"North Carolina","Private",3529,2898775.44620833,68199.449375,84479.321025,0.0235269851982594,0.0291431061923504,"NC",2000
56,"North Carolina","Private",3334,2879474.35023333,67105.8379,75784.2457,0.0233048908412457,0.0263187773525715,"NC",2001
56,"North Carolina","Private",3142,2792835.56311667,58579.5546666667,68464.242025,0.020974937826395,0.0245142411440611,"NC",2002
56,"North Carolina","Private",3209,3006696.77006666,62728.6665916667,74928.1019833333,0.0208629835397005,0.0249204058200121,"NC",2003
56,"North Carolina","Private",3125,2994345.17085,47823.6401,66831.9915666667,0.0159713178873062,0.0223194006830454,"NC",2004
56,"North Carolina","Private",2960,3031276.0539,55006.9982,74413.4357,0.0181464832276106,0.0245485510677099,"NC",2005
56,"North Carolina","Private",2938,3180923.29989167,57780.6008583333,71512.9218583333,0.0181647259742022,0.0224818121641874,"NC",2006
56,"North Carolina","Private",2851,3149800.470175,63583.2301666667,75614.3042333333,0.0201864317059517,0.0240060612559319,"NC",2007
56,"North Carolina","Private",2839,3180287.64658333,64396.3255083333,82394.6864916667,0.0202485844492912,0.0259079355746508,"NC",2008
56,"North Carolina","Private",2677,3049915.36183333,46904.45545,63105.4951,0.015378937125206,0.0206909012049437,"NC",2009
56,"North Carolina","Private",2618,3022355.25871667,53771.7389333333,75427.6544083333,0.017791336402297,0.0249565821141005,"NC",2010
56,"North Carolina","Private",2487,2980565.71561667,48552.94415,66514.7571916666,0.0162898413836956,0.0223161522299051,"NC",2011
56,"North Carolina","Private",2633,3181321.60339999,56841.377075,79540.0628833333,0.0178672205656767,0.0250022076070309,"NC",2012
56,"North Carolina","Private",2635,3202632.74979166,50370.624425,88894.1551,0.0157278794795275,0.0277565866708755,"NC",2013
56,"North Carolina","Private",2753,3286211.12125,40123.1894,54381.2398666667,0.0122095588594675,0.0165483094751835,"NC",2014
56,"North Carolina","Private",3087,3517471.92476667,65050.9885166666,86457.2427083333,0.0184936765581369,0.0245793703943491,"NC",2015
56,"North Carolina","Private",3175,3642443.63015834,61857.7117333333,89020.6583,0.0169824752956629,0.0244398172944784,"NC",2016
56,"North Carolina","Private",3135,3689629.38050834,86683.18905,98900.4229666667,0.0234937388449907,0.0268049743026495,"NC",2017
56,"North Carolina","Private",2947,3670940.16752499,73363.9076583333,108934.766416667,0.0199850462377071,0.0296748951077461,"NC",2018
56,"North Carolina","Private",2923,3703539.70410833,43621.5148166667,65489.1586583333,0.0117783304303885,0.0176828559488058,"NC",2019
56,"North Carolina","Private",2454,3548954.11734166,65342.63645,87985.1082083333,0.0184118002653122,0.0247918423265219,"NC",2020
56,"North Carolina","Private",2734,3653326.22000833,55330.2179583333,76306.7038833333,0.0151451621204615,0.0208869129419327,"NC",2021
56,"North Carolina","Private",2606,3715095.42295,68242.0182333333,93501.0678666666,0.0183688458055258,0.0251678787171841,"NC",2022
58,"Georgia","Private",2871,1830469.21916667,202352.424166667,256489.16,0.110546752810478,0.140122085809708,"GA",1983
58,"Georgia","Private",2799,1958873.71583334,190471.630833333,219029.141666667,0.0972352772951126,0.111813813447952,"GA",1984
58,"Georgia","Private",2187,2018823.9275,183055.895833333,200833.3275,0.0906745195388794,0.0994803607463837,"GA",1985
58,"Georgia","Private",1872,2140327.41166667,186791.070833333,217759.4275,0.0872721970081329,0.101741172373295,"GA",1986
58,"Georgia","Private",1850,2204670.7,169860.669166667,189610.528333333,0.0770458206534386,0.0860040113329887,"GA",1987
58,"Georgia","Private",1865,2226060.55416667,202360.111666667,221933.12,0.0909050330519676,0.0996977016329765,"GA",1988
58,"Georgia","Private",1851,2332949.53083334,180336.58,195815.575833333,0.0772998183965683,0.0839347690343857,"GA",1989
58,"Georgia","Private",1718,2309669.80166666,129431.414166667,149419.855,0.0560389272868633,0.0646931678056717,"GA",1990
58,"Georgia","Private",1606,2250906.87416667,133864.885,155445.204166667,0.059471532702446,0.0690589249134064,"GA",1991
58,"Georgia","Private",1685,2348314.55166667,149496.739166667,160607.419166667,0.0636612921953201,0.0683926343917847,"GA",1992
58,"Georgia","Private",1628,2329880.55083333,130795.169166667,152408.2825,0.0561381429433823,0.0654146298766136,"GA",1993
58,"Georgia","Private",2004,2516166.942075,149575.4766,176090.456166667,0.0594457685947418,0.0699836164712906,"GA",1994
58,"Georgia","Private",3233,2625640.95198334,135776.06485,148308.438566667,0.0517115890979767,0.0564846619963646,"GA",1995
58,"Georgia","Private",2202,2644037.66801667,159127.521075,183126.027066667,0.0601835288107395,0.0692599937319756,"GA",1996
58,"Georgia","Private",2338,2794162.6561,146269.23035,157422.944083333,0.0523481443524361,0.0563399344682693,"GA",1997
58,"Georgia","Private",2375,2883633.47104167,132400.962516667,147038.078841667,0.0459146313369274,0.0509905591607094,"GA",1998
58,"Georgia","Private",2312,2944262.86595,168216.693791667,201539.900925,0.0571337230503559,0.0684517323970795,"GA",1999
58,"Georgia","Private",2304,3104325.93636667,142857.484166667,159012.655425,0.0460188426077366,0.0512229241430759,"GA",2000
58,"Georgia","Private",2183,3096043.50225001,159107.512733333,181388.454225,0.0513905920088291,0.0585871785879135,"GA",2001
58,"Georgia","Private",2194,3076723.571775,118689.119491667,135318.953358333,0.03857646510005,0.0439815111458302,"GA",2002
58,"Georgia","Private",2139,3138237.26845833,141496.51,171200.8802,0.045087892562151,0.0545531995594501,"GA",2003
58,"Georgia","Private",2336,3216206.34324166,139162.927441667,161585.861041667,0.0432692766189575,0.0502411350607872,"GA",2004
58,"Georgia","Private",2893,3175625.84303332,118925.223025,136704.620316667,0.0374493822455406,0.0430480875074863,"GA",2005
58,"Georgia","Private",3171,3325181.12315,113806.0555,141743.374533333,0.034225519746542,0.0426272638142109,"GA",2006
58,"Georgia","Private",3186,3474541.43560834,96624.438075,120225.856133333,0.027809264138341,0.0346019342541695,"GA",2007
58,"Georgia","Private",2964,3371683.49845001,88705.4508916667,107481.007466667,0.0263089500367641,0.031877551227808,"GA",2008
58,"Georgia","Private",2808,3187686.84350833,87892.232625,107066.77395,0.0275724176317453,0.033587608486414,"GA",2009
58,"Georgia","Private",2847,3126093.16989167,79556.88895,94424.101325,0.0254493020474911,0.0302051454782486,"GA",2010
58,"Georgia","Private",2764,3191494.80551666,85702.6598833333,101332.582358333,0.0268534533679485,0.0317508205771446,"GA",2011
58,"Georgia","Private",2736,3246163.58014167,100725.212066667,122933.369308333,0.031029000878334,0.037870354950428,"GA",2012
58,"Georgia","Private",2824,3233171.64473333,124060.076125,139803.242533333,0.0383710153400898,0.0432402789592743,"GA",2013
58,"Georgia","Private",2853,3308637.4663,95360.116825,110650.450291667,0.0288215670734644,0.0334429070353508,"GA",2014
58,"Georgia","Private",2945,3411544.72725,91692.6976833333,114658.750758333,0.0268771797418594,0.0336090438067913,"GA",2015
58,"Georgia","Private",3063,3656171.95628333,93951.4478333333,117513.685958333,0.0256966706365347,0.0321411825716496,"GA",2016
58,"Georgia","Private",3059,3637938.5219,89797.7584666667,116507.678441667,0.0246836934238672,0.0320257432758808,"GA",2017
58,"Georgia","Private",3046,3775635.98558333,101851.025008333,125678.577758333,0.0269758589565754,0.0332867316901684,"GA",2018
58,"Georgia","Private",2989,3754551.83880834,119170.569741667,146954.691283333,0.0317402929067612,0.0391404069960117,"GA",2019
58,"Georgia","Private",2484,3536033.30919165,104477.33815,150748.336125,0.0295464806258678,0.0426320470869541,"GA",2020
58,"Georgia","Private",2526,3718418.04026667,105160.209608333,132430.299008333,0.0282809007912874,0.035614687949419,"GA",2021
58,"Georgia","Private",2330,3868776.11335834,112314.386866667,128448.06635,0.0290309861302376,0.0332012139260769,"GA",2022
59,"Florida","Private",4592,3252152.74583332,229813.221666667,295335.441666667,0.0706649497151375,0.0908122882246971,"FL",1983
59,"Florida","Private",4742,3438384.80499999,204560.338333333,255248.500833333,0.0594931468367577,0.0742349997162819,"FL",1984
59,"Florida","Private",5929,3651652.68333333,195247.2025,239431.788333333,0.0534681752324104,0.0655680596828461,"FL",1985
59,"Florida","Private",6321,3878488.93583332,193384.155833333,234795.159166667,0.0498606972396374,0.0605377927422523,"FL",1986
59,"Florida","Private",6795,4128362.76916667,186700.585833333,226638.131666667,0.045223880559206,0.0548978224396706,"FL",1987
59,"Florida","Private",6944,4282115.77500003,190819.033333333,241238.748333333,0.0445618592202663,0.0563363432884216,"FL",1988
59,"Florida","Private",7005,4308527.85583334,154504.07,209180.580833333,0.0358600616455078,0.0485503599047661,"FL",1989
59,"Florida","Private",6922,4384604.15666666,186704.155833333,230985.561666667,0.0425817593932152,0.0526810511946678,"FL",1990
59,"Florida","Private",6339,4294053.62166667,178648.431666666,240885.241666666,0.0416036807000637,0.056097399443388,"FL",1991
59,"Florida","Private",5931,4275683.3775,175591.984166667,229628.915833333,0.0410675853490829,0.0537057816982269,"FL",1992
59,"Florida","Private",6060,4519767.45833334,174130.125,224483.399166667,0.0385263450443745,0.0496670231223106,"FL",1993
59,"Florida","Private",5988,4644031.83334168,193669.262291666,259464.329158333,0.0417028293013573,0.0558704882860184,"FL",1994
59,"Florida","Private",5578,4714909.46981667,162673.607633333,212956.424541667,0.0345019586384296,0.0451666004955769,"FL",1995
59,"Florida","Private",5595,4854573.219525,183816.090416667,239711.535575,0.0378645211458206,0.0493784993886948,"FL",1996
59,"Florida","Private",5768,5057543.49446668,162525.205508333,213220.471675,0.0321352072060108,0.0421589016914368,"FL",1997
59,"Florida","Private",5952,5208080.56405832,164796.757966667,219784.562516666,0.0316425114870071,0.0422006845474243,"FL",1998
59,"Florida","Private",6150,5363460.41931665,180971.352925,232335.559366667,0.0337415300309658,0.0433182194828987,"FL",1999
59,"Florida","Private",6464,5519493.45450834,182695.492566667,232793.811008333,0.0331000462174416,0.0421766638755798,"FL",2000
59,"Florida","Private",6311,5605679.40226667,194920.7578,256579.314841667,0.0347720123827457,0.0457713156938553,"FL",2001
59,"Florida","Private",6148,5522829.97714167,152967.300808333,207795.131491667,0.027697267010808,0.0376247577369213,"FL",2002
59,"Florida","Private",6046,5680666.7394667,188386.925241667,251030.112691667,0.0331628210842609,0.0441902540624142,"FL",2003
59,"Florida","Private",5884,5898149.64609168,166353.862575,218273.633433333,0.0282044149935246,0.037007138133049,"FL",2004
59,"Florida","Private",6105,6307445.65332499,159481.214508333,210684.067041667,0.0252845957875252,0.0334024392068386,"FL",2005
59,"Florida","Private",6276,6601616.73618332,154150.413291667,195509.415675,0.023350402712822,0.0296153835952282,"FL",2006
59,"Florida","Private",6102,6644514.78664165,165857.60005,200789.03615,0.024961581453681,0.0302187651395798,"FL",2007
59,"Florida","Private",5590,6370894.7483667,146345.976416667,192747.2287,0.022971024736762,0.0302543416619301,"FL",2008
59,"Florida","Private",5113,5933726.22034166,118497.972716667,151654.563541667,0.0199702456593513,0.025558065623045,"FL",2009
59,"Florida","Private",5108,5952139.50656669,139304.730875,187388.534541667,0.0234041437506676,0.0314825512468815,"FL",2010
59,"Florida","Private",5107,6187862.91544166,171254.651708333,209048.9207,0.0276758968830109,0.0337837040424347,"FL",2011
59,"Florida","Private",5268,6471756.56705,156660.681708333,211713.235883333,0.0242068246006966,0.0327134132385254,"FL",2012
59,"Florida","Private",5326,6595366.16618335,153413.517475,211587.011816667,0.0232608038932085,0.0320811606943607,"FL",2013
59,"Florida","Private",5569,7007093.82229164,178326.154366667,242344.273558333,0.0254493746906519,0.0345855616033077,"FL",2014
59,"Florida","Private",5685,6839409.44548335,227519.97285,306596.178691667,0.0332660265266895,0.0448278747498989,"FL",2015
59,"Florida","Private",5833,7017797.50289999,177941.369175,237888.578325,0.0253557283431292,0.0338978953659534,"FL",2016
59,"Florida","Private",5991,7485263.93133336,202727.6907,257092.875616667,0.0270835720002651,0.0343465358018875,"FL",2017
59,"Florida","Private",5788,7578388.17366666,180172.388616667,241101.431175,0.0237744990736246,0.0318143405020237,"FL",2018
59,"Florida","Private",5664,7628783.3344167,232523.7412,287567.979225,0.0304797943681479,0.0376951284706593,"FL",2019
59,"Florida","Private",4788,7047489.92946666,251539.992525,317014.337458334,0.0356921404600143,0.0449825897812843,"FL",2020
59,"Florida","Private",5311,7612896.92320832,211194.8691,252796.996983333,0.0277417227625847,0.0332064144313335,"FL",2021
59,"Florida","Private",5289,8000272.07604166,174966.257666667,220315.780441667,0.0218700375407934,0.0275385361164808,"FL",2022
74,"Texas","Private",7357,5086766.94916667,411971.256666667,479521.001666667,0.0809888243675232,0.0942683219909668,"TX",1983
74,"Texas","Private",7429,5382932.32583332,331402.015833334,400551.11,0.0615653321146965,0.0744113251566887,"TX",1984
74,"Texas","Private",7279,5438055.965,306769.903333333,389644.825833333,0.056411687284708,0.0716514959931374,"TX",1985
74,"Texas","Private",6879,5502348.69416667,332481.091666667,409028.943333333,0.0604253038764,0.0743371546268463,"TX",1986
74,"Texas","Private",6682,5620049.02750002,291617.863333333,359534.9525,0.0518888458609581,0.0639736354351044,"TX",1987
74,"Texas","Private",6847,5613976.31166666,276764.59,345850.410833333,0.0492992103099823,0.0616052486002445,"TX",1988
74,"Texas","Private",7039,5611600.98083332,269977.638333333,345280.158333333,0.0481106266379356,0.0615297071635723,"TX",1989
74,"Texas","Private",7019,5913194.42499998,276837.228333333,353010.04,0.0468168668448925,0.0596987046301365,"TX",1990
74,"Texas","Private",6729,5961357.39833332,281399.251666667,343762.125833333,0.0472038872539997,0.0576650761067867,"TX",1991
74,"Texas","Private",6597,6102634.30666666,290925.233333334,357098.008333334,0.0476720742881298,0.0585153885185719,"TX",1992
74,"Texas","Private",6458,6151495.15250003,301387.7475,349056.615,0.0489942282438278,0.0567433796823025,"TX",1993
74,"Texas","Private",6290,6306432.80271666,292482.6479,346639.821841667,0.0463784597814083,0.0549660697579384,"TX",1994
74,"Texas","Private",6157,6503251.90237502,293866.14675,345016.950816667,0.0451875701546669,0.0530529879033566,"TX",1995
74,"Texas","Private",6099,6632074.32285001,273938.853908333,316395.68635,0.0413051545619965,0.0477068983018398,"TX",1996
74,"Texas","Private",6331,7007058.80553334,293774.789416667,355776.007991667,0.0419255495071411,0.0507739447057247,"TX",1997
74,"Texas","Private",6441,7250862.29719165,261177.126041667,303774.418733333,0.0360201485455036,0.0418949387967587,"TX",1998
74,"Texas","Private",6685,7410991.40660835,282202.164491667,320678.735958333,0.0380788668990135,0.0432706922292709,"TX",1999
74,"Texas","Private",6717,7370353.55130833,280292.598108333,345520.682316666,0.0380297340452671,0.0468797981739044,"TX",2000
74,"Texas","Private",6396,7434774.98509164,267639.567216667,314587.104066667,0.0359983406960964,0.042312927544117,"TX",2001
74,"Texas","Private",6285,7406287.39981667,245537.94115,295143.149625,0.0331526361405849,0.0398503504693508,"TX",2002
74,"Texas","Private",6349,7640799.79864999,257773.963433333,302955.171466667,0.0337365157902241,0.0396496690809727,"TX",2003
74,"Texas","Private",6334,7610210.24744171,207183.221725,252573.130691667,0.0272243749350309,0.0331887193024158,"TX",2004
74,"Texas","Private",7056,7945423.69288332,247036.817683333,279893.930791667,0.0310917105525732,0.0352270603179932,"TX",2005
74,"Texas","Private",7320,8166978.02831665,230574.182266667,264971.181875,0.0282324962317944,0.0324442125856876,"TX",2006
74,"Texas","Private",7242,8323051.45571667,223149.792158333,274904.918775,0.0268110558390617,0.0330293439328671,"TX",2007
74,"Texas","Private",7209,8394363.79623335,209300.853658333,265484.176291667,0.024933498352766,0.0316264815628529,"TX",2008
74,"Texas","Private",7324,8361570.19231666,263377.885291667,311134.289333333,0.0314986146986485,0.0372100323438644,"TX",2009
74,"Texas","Private",7323,8385024.51924998,268878.454725,331754.149391667,0.0320665091276169,0.0395650789141655,"TX",2010
74,"Texas","Private",7416,8615089.66461666,260217.958508333,305349.3934,0.0302049033343792,0.0354435555636883,"TX",2011
74,"Texas","Private",7587,9041449.866975,304195.727958334,377931.4349,0.033644575625658,0.0417998693883419,"TX",2012
74,"Texas","Private",7621,9265213.43051667,242685.691358333,318811.725258333,0.0261932108551264,0.0344095379114151,"TX",2013
74,"Texas","Private",7825,9584046.3339833,267541.321183333,364464.8957,0.0279152784496546,0.0380282886326313,"TX",2014
74,"Texas","Private",7646,9597015.58881668,240757.179666667,305864.248691667,0.0250866711139679,0.0318707674741745,"TX",2015
74,"Texas","Private",7837,9785504.28276668,208664.712633333,295960.166958333,0.0213238596916199,0.030244754627347,"TX",2016
74,"Texas","Private",7728,9864421.51867502,261187.065666667,323949.444475,0.026477687060833,0.032840184867382,"TX",2017
74,"Texas","Private",7882,10275839.2117833,271941.296141667,349343.404133333,0.0264641456305981,0.03399658203125,"TX",2018
74,"Texas","Private",7541,10716396.5725917,266737.4147,361821.563658333,0.0248905885964632,0.0337633602321148,"TX",2019
74,"Texas","Private",6226,9880573.82136668,268032.436466667,335068.500441667,0.0271272137761116,0.0339118465781212,"TX",2020
74,"Texas","Private",6620,10397304.4283833,229858.172433333,290211.877533333,0.0221074782311916,0.0279122237116098,"TX",2021
74,"Texas","Private",6470,10788942.2853583,237470.399808333,309996.200975,0.0220105350017548,0.0287327710539103,"TX",2022
93,"California","Private",12661,8066842.03833337,1423979.15916666,1590663.19333333,0.176522508263588,0.19718536734581,"CA",1983
93,"California","Private",12911,8516501.39416665,1429745.12166667,1596688.63833334,0.167879402637482,0.187481760978699,"CA",1984
93,"California","Private",12230,8721580.05083328,1378224.28916667,1534746.4925,0.158024609088898,0.175971150398254,"CA",1985
93,"California","Private",11595,9163601.85000004,1390161.78083333,1540196.35583334,0.151704728603363,0.168077617883682,"CA",1986
93,"California","Private",11540,9438278.88416668,1366396.38083333,1516525.64666667,0.14477176964283,0.160678192973137,"CA",1987
93,"California","Private",8067,9770352.83166664,1257396.74583333,1397427.94083333,0.128695115447044,0.143027380108833,"CA",1988
93,"California","Private",8644,9913212.11583328,1319840.67416667,1479209.30666667,0.133139550685883,0.149215951561928,"CA",1989
93,"California","Private",12456,10557423.5966667,1353306.6225,1507901.87916667,0.12818531692028,0.142828583717346,"CA",1990
93,"California","Private",11908,10187000.1283334,1264947.90916667,1407217.77416667,0.124172762036324,0.138138577342033,"CA",1991
93,"California","Private",11053,10103684.055,1249812.6225,1385295.2875,0.123698703944683,0.137107938528061,"CA",1992
93,"California","Private",10541,9966515.5933333,1155747.4225,1261435.04583334,0.115963034331799,0.126567304134369,"CA",1993
93,"California","Private",10219,10118031.1994917,1123647.010925,1228285.25711667,0.111053921282291,0.12139567732811,"CA",1994
93,"California","Private",10008,10279694.0939917,1129821.7288,1249581.97130833,0.109908111393452,0.121558286249638,"CA",1995
93,"California","Private",9920,10544950.490025,1096328.13844167,1226865.71479167,0.103967122733593,0.116346277296543,"CA",1996
93,"California","Private",10299,10873298.548475,1087750.6266,1205611.40785833,0.100038699805737,0.110878169536591,"CA",1997
93,"California","Private",10528,11220926.3602501,1094796.59791667,1192602.601875,0.0975674018263817,0.106283791363239,"CA",1998
93,"California","Private",10780,11623769.6567084,1182623.85825,1282508.47615,0.101741850376129,0.110334984958172,"CA",1999
93,"California","Private",11148,12141327.641575,1180229.71336667,1293052.38271667,0.097207635641098,0.106500081717968,"CA",2000
93,"California","Private",10665,12218918.7392,1185086.51116667,1274073.769225,0.0969878360629082,0.104270584881306,"CA",2001
93,"California","Private",10333,12039944.7653083,1233430.13041667,1313246.4866,0.102444835007191,0.109074130654335,"CA",2002
93,"California","Private",9903,11991188.6433083,1155115.76473333,1277215.50675,0.0963303819298744,0.10651283711195,"CA",2003
93,"California","Private",9951,12042250.4273584,1129674.00365833,1224629.52651667,0.0938092097640038,0.101694405078888,"CA",2004
93,"California","Private",11157,12430213.7616417,1209161.57395,1312833.73810833,0.097276009619236,0.105616346001625,"CA",2005
93,"California","Private",11636,12276069.1764667,1102609.19971667,1182096.80250833,0.0898177698254585,0.0962927788496017,"CA",2006
93,"California","Private",11516,12461461.7105167,1201836.40746667,1305833.90664167,0.0964442566037178,0.104789786040783,"CA",2007
93,"California","Private",11587,12434275.89075,1334376.15216667,1417541.19515833,0.107314340770245,0.114002712070942,"CA",2008
93,"California","Private",11233,11931166.5645666,1133354.39335,1226092.30266667,0.0949910804629326,0.102763824164867,"CA",2009
93,"California","Private",10922,11485815.58895,1068722.576175,1144948.84274167,0.0930471643805504,0.0996837243437767,"CA",2010
93,"California","Private",10856,11583110.0241833,1041960.60915,1120981.37525,0.0899551659822464,0.0967772379517555,"CA",2011
93,"California","Private",11191,12100262.244975,1082615.2556,1166191.537725,0.0894703939557076,0.0963773801922798,"CA",2012
93,"California","Private",11426,12445970.0276834,1111726.94208333,1196304.31719166,0.0893242508172989,0.0961198136210442,"CA",2013
93,"California","Private",11668,12774839.9276083,1169831.81595833,1279153.00029167,0.0915731117129326,0.100130647420883,"CA",2014
93,"California","Private",11572,13237958.6044999,1153070.51665833,1267922.6783,0.0871033445000648,0.0957793220877647,"CA",2015
93,"California","Private",11597,13495084.7624749,1191465.23078333,1359390.442075,0.0882888287305832,0.100732266902924,"CA",2016
93,"California","Private",11403,13574341.5281667,1121216.74574167,1253287.81463333,0.0825982391834259,0.092327706515789,"CA",2017
93,"California","Private",11346,13926421.89,1162554.61935,1281055.86825833,0.0834783390164375,0.0919874384999275,"CA",2018
93,"California","Private",11239,14123224.93715,1246883.02395,1385412.76465833,0.0882859975099564,0.0980946496129036,"CA",2019
93,"California","Private",9105,12708214.0280084,1220539.99483333,1348537.56891667,0.0960433930158615,0.106115430593491,"CA",2020
93,"California","Private",9491,13238539.4756001,1235844.45348333,1446291.763375,0.0933520272374153,0.109248585999012,"CA",2021
93,"California","Private",9364,13732257.6533167,1273165.85201667,1412869.36904167,0.0927135124802589,0.102886892855167,"CA",2022
